match_id,player1,player2,elapsed_time,set_no,game_no,point_no,p1_sets,p2_sets,p1_games,p2_games,p1_score,p2_score,server,serve_no,point_victor,p1_points_won,p2_points_won,game_victor,set_victor,p1_ace,p2_ace,p1_winner,p2_winner,winner_shot_type,p1_double_fault,p2_double_fault,p1_unf_err,p2_unf_err,p1_net_pt,p2_net_pt,p1_net_pt_won,p2_net_pt_won,p1_break_pt,p2_break_pt,p1_break_pt_won,p2_break_pt_won,p1_break_pt_missed,p2_break_pt_missed,p1_distance_run,p2_distance_run,rally_count,speed_mph,serve_width,serve_depth,return_depth
2023-wimbledon-1402,Grigor Dimitrov,Holger Rune,0.0,1,1,1,0,0,0,0,0,0,1,1,1,1,0,0,0,0,0,1,0,B,0,0,0,0,1,0,1,0,0,0,0,0,0,0,17.567,22.066,5,120.0,BW,NCTL,ND
2023-wimbledon-1402,Grigor Dimitrov,Holger Rune,29.0,1,1,2,0,0,0,0,15,0,1,2,1,2,0,0,0,0,0,0,0,0,0,0,0,1,0,0,0,0,0,0,0,0,0,0,16.351,16.25,5,94.0,BW,NCTL,D
2023-wimbledon-1402,Grigor Dimitrov,Holger Rune,71.0,1,1,3,0,0,0,0,30,0,1,2,1,3,0,0,0,0,0,1,0,F,0,0,0,0,1,0,1,0,0,0,0,0,0,0,13.674,15.22,5,102.0,BC,NCTL,ND
2023-wimbledon-1402,Grigor Dimitrov,Holger Rune,128.0,1,1,4,0,0,0,0,40,0,1,2,2,3,1,0,0,0,0,0,1,F,0,0,0,0,0,0,0,0,0,0,0,0,0,0,13.11,11.423,4,96.0,BW,NCTL,ND
2023-wimbledon-1402,Grigor Dimitrov,Holger Rune,168.0,1,1,5,0,0,0,0,40,15,1,2,2,3,2,0,0,0,0,0,0,0,0,0,0,0,0,0,0,0,0,0,0,0,0,0,10.752,12.444,2,100.0,C,NCTL,ND
2023-wimbledon-1402,Grigor Dimitrov,Holger Rune,212.0,1,1,6,0,0,0,0,40,30,1,1,2,3,3,0,0,0,0,0,0,0,0,0,1,0,0,0,0,0,0,0,0,0,0,0,54.7,52.062,14,131.0,W,CTL,D
2023-wimbledon-1402,Grigor Dimitrov,Holger Rune,266.0,1,1,7,0,0,0,0,40,40,1,2,2,3,4,0,0,0,0,0,1,F,0,0,0,0,0,1,0,1,0,0,0,0,0,0,23.058,27.678,8,102.0,BC,NCTL,ND
2023-wimbledon-1402,Grigor Dimitrov,Holger Rune,321.0,1,1,8,0,0,0,0,40,AD,1,1,1,4,4,0,0,0,0,0,0,0,0,0,0,0,0,0,0,0,0,1,0,0,0,1,3.27,3.789,1,131.0,C,NCTL,ND
2023-wimbledon-1402,Grigor Dimitrov,Holger Rune,349.0,1,1,9,0,0,0,0,40,40,1,1,1,5,4,0,0,0,0,1,0,0,0,0,0,0,0,0,0,0,0,0,0,0,0,0,3.713,5.169,1,122.0,W,CTL,ND
2023-wimbledon-1402,Grigor Dimitrov,Holger Rune,377.0,1,1,10,0,0,0,0,AD,40,1,1,1,6,4,1,0,0,0,1,0,F,0,0,0,0,1,0,1,0,0,0,0,0,0,0,55.34,60.437,13,137.0,C,NCTL,D
2023-wimbledon-1402,Grigor Dimitrov,Holger Rune,474.0,1,2,11,0,0,1,0,0,0,2,1,2,6,5,0,0,0,0,0,1,0,0,0,0,0,0,0,0,0,0,0,0,0,0,0,0.769,0.846,1,115.0,W,CTL,
2023-wimbledon-1402,Grigor Dimitrov,Holger Rune,494.0,1,2,12,0,0,1,0,0,15,2,1,1,7,5,0,0,0,0,0,0,0,0,0,0,1,0,0,0,0,0,0,0,0,0,0,6.813,5.813,2,125.0,BW,NCTL,ND
2023-wimbledon-1402,Grigor Dimitrov,Holger Rune,532.0,1,2,13,0,0,1,0,15,15,2,2,1,8,5,0,0,0,0,0,0,0,0,0,0,1,0,1,0,0,0,0,0,0,0,0,12.621,11.886,2,104.0,C,NCTL,ND
2023-wimbledon-1402,Grigor Dimitrov,Holger Rune,570.0,1,2,14,0,0,1,0,30,15,2,1,2,8,6,0,0,0,0,0,1,F,0,0,0,0,1,0,0,0,0,0,0,0,0,0,25.721,14.623,5,119.0,C,NCTL,D
2023-wimbledon-1402,Grigor Dimitrov,Holger Rune,615.0,1,2,15,0,0,1,0,30,30,2,1,2,8,7,0,0,0,0,0,0,0,0,0,0,0,0,0,0,0,0,0,0,0,0,0,6.647,5.773,1,121.0,C,NCTL,D
2023-wimbledon-1402,Grigor Dimitrov,Holger Rune,638.0,1,2,16,0,0,1,0,30,40,2,2,2,8,8,2,0,0,0,0,0,0,0,0,0,0,0,1,0,1,0,0,0,0,0,0,33.112,31.987,7,115.0,C,CTL,D
2023-wimbledon-1402,Grigor Dimitrov,Holger Rune,695.0,1,3,17,0,0,1,1,0,0,1,2,1,9,8,0,0,0,0,1,0,F,0,0,0,0,0,0,0,0,0,0,0,0,0,0,8.872,9.973,3,98.0,B,NCTL,ND
2023-wimbledon-1402,Grigor Dimitrov,Holger Rune,732.0,1,3,18,0,0,1,1,15,0,1,1,1,10,8,0,0,0,0,0,0,0,0,0,0,0,0,0,0,0,0,0,0,0,0,0,5.402,6.887,1,124.0,C,NCTL,D
2023-wimbledon-1402,Grigor Dimitrov,Holger Rune,753.0,1,3,19,0,0,1,1,30,0,1,1,1,11,8,0,0,0,0,0,0,0,0,0,0,0,1,0,1,0,0,0,0,0,0,0,12.698,12.095,3,135.0,BC,NCTL,
2023-wimbledon-1402,Grigor Dimitrov,Holger Rune,779.0,1,3,20,0,0,1,1,40,0,1,2,1,12,8,1,0,0,0,1,0,F,0,0,0,0,0,0,0,0,0,0,0,0,0,0,0.0,0.0,3,91.0,,,
2023-wimbledon-1402,Grigor Dimitrov,Holger Rune,897.0,1,4,21,0,0,2,1,0,0,2,1,2,12,8,0,0,0,0,0,0,0,0,0,0,0,0,0,0,0,0,0,0,0,0,0,16.181,16.166,1,126.0,B,NCTL,D
2023-wimbledon-1402,Grigor Dimitrov,Holger Rune,916.0,1,4,22,0,0,2,1,0,15,2,1,2,12,8,0,0,0,0,0,1,F,0,0,0,0,0,0,0,0,0,0,0,0,0,0,8.465,8.432,3,117.0,B,NCTL,ND
2023-wimbledon-1402,Grigor Dimitrov,Holger Rune,941.0,1,4,23,0,0,2,1,0,30,2,1,2,12,8,0,0,0,0,0,1,B,0,0,0,0,0,0,0,0,0,0,0,0,0,0,18.483,16.025,5,122.0,C,NCTL,
2023-wimbledon-1402,Grigor Dimitrov,Holger Rune,970.0,1,4,24,0,0,2,1,0,40,2,2,1,12,8,0,0,0,0,1,0,B,0,0,0,0,0,0,0,0,0,0,0,0,0,0,4.488,3.63,2,104.0,BW,NCTL,ND
2023-wimbledon-1402,Grigor Dimitrov,Holger Rune,1015.0,1,4,25,0,0,2,1,15,40,2,1,2,12,8,2,0,0,0,0,0,0,0,0,0,0,0,0,0,0,0,0,0,0,0,0,7.349,5.324,1,117.0,W,CTL,ND
2023-wimbledon-1402,Grigor Dimitrov,Holger Rune,1063.0,1,5,26,0,0,2,2,0,0,1,1,1,12,8,0,0,0,0,0,0,0,0,0,0,0,0,0,0,0,0,0,0,0,0,0,17.81,20.189,3,121.0,W,CTL,ND
2023-wimbledon-1402,Grigor Dimitrov,Holger Rune,1090.0,1,5,27,0,0,2,2,15,0,1,2,2,12,8,0,0,0,0,0,0,0,0,0,0,0,0,0,0,0,0,0,0,0,0,0,20.793,23.209,4,99.0,B,NCTL,ND
2023-wimbledon-1402,Grigor Dimitrov,Holger Rune,1135.0,1,5,28,0,0,2,2,15,15,1,1,1,12,8,0,0,0,0,0,0,0,0,0,0,0,0,0,0,0,0,0,0,0,0,0,4.68,6.379,1,118.0,W,CTL,ND
2023-wimbledon-1402,Grigor Dimitrov,Holger Rune,1160.0,1,5,29,0,0,2,2,30,15,1,2,1,12,8,0,0,0,0,0,0,0,0,0,0,0,0,0,0,0,0,0,0,0,0,0,0.97,1.401,1,91.0,B,NCTL,
2023-wimbledon-1402,Grigor Dimitrov,Holger Rune,1195.0,1,5,30,0,0,2,2,40,15,1,2,2,12,8,0,0,0,0,0,0,0,0,0,0,0,0,0,0,0,0,0,0,0,0,0,4.976,10.172,2,111.0,W,NCTL,D
2023-wimbledon-1402,Grigor Dimitrov,Holger Rune,1264.0,1,5,31,0,0,2,2,40,30,1,1,1,12,8,1,0,1,0,1,0,0,0,0,0,0,0,0,0,0,0,0,0,0,0,0,0.802,1.025,1,131.0,W,CTL,
2023-wimbledon-1402,Grigor Dimitrov,Holger Rune,1361.0,1,6,32,0,0,3,2,0,0,2,1,2,12,8,0,0,0,0,0,0,0,0,0,0,0,0,0,0,0,0,0,0,0,0,0,4.53,1.746,1,117.0,W,NCTL,ND
2023-wimbledon-1402,Grigor Dimitrov,Holger Rune,1377.0,1,6,33,0,0,3,2,0,15,2,2,2,12,8,0,0,0,0,0,1,B,0,0,0,0,0,0,0,0,0,0,0,0,0,0,32.738,22.929,7,100.0,BW,NCTL,ND
2023-wimbledon-1402,Grigor Dimitrov,Holger Rune,1419.0,1,6,34,0,0,3,2,0,30,2,2,2,12,8,0,0,0,0,0,0,0,0,0,0,0,0,0,0,0,0,0,0,0,0,0,5.6,3.812,1,113.0,B,NCTL,D
2023-wimbledon-1402,Grigor Dimitrov,Holger Rune,1447.0,1,6,35,0,0,3,2,0,40,2,2,1,12,8,0,0,0,0,0,0,0,0,0,0,0,0,0,0,0,0,0,0,0,0,0,3.305,2.987,2,94.0,BW,NCTL,ND
2023-wimbledon-1402,Grigor Dimitrov,Holger Rune,1483.0,1,6,36,0,0,3,2,15,40,2,1,2,12,8,2,0,0,0,0,0,0,0,0,0,0,0,0,0,0,0,0,0,0,0,0,13.763,17.189,3,121.0,BW,NCTL,ND
2023-wimbledon-1402,Grigor Dimitrov,Holger Rune,1525.0,1,7,37,0,0,3,3,0,0,1,2,2,12,8,0,0,0,0,0,0,0,0,0,1,0,0,0,0,0,0,0,0,0,0,0,19.355,22.741,4,97.0,BC,NCTL,D
2023-wimbledon-1402,Grigor Dimitrov,Holger Rune,1582.0,1,7,38,0,0,3,3,0,15,1,2,2,12,8,0,0,0,0,0,0,0,1,0,1,0,0,0,0,0,0,0,0,0,0,0,1.771,0.78,0,,BW,CTL,
2023-wimbledon-1402,Grigor Dimitrov,Holger Rune,1620.0,1,7,39,0,0,3,3,0,30,1,1,1,12,8,0,0,1,0,1,0,0,0,0,0,0,0,0,0,0,0,0,0,0,0,0,0.73,0.534,1,135.0,C,NCTL,
2023-wimbledon-1402,Grigor Dimitrov,Holger Rune,1645.0,1,7,40,0,0,3,3,15,30,1,2,1,12,8,0,0,0,0,0,0,0,0,0,0,0,0,0,0,0,0,0,0,0,0,0,3.386,4.234,1,99.0,B,NCTL,ND
2023-wimbledon-1402,Grigor Dimitrov,Holger Rune,1681.0,1,7,41,0,0,3,3,30,30,1,1,1,12,8,0,0,1,0,1,0,0,0,0,0,0,0,0,0,0,0,0,0,0,0,0,0.715,0.649,1,132.0,C,CTL,
2023-wimbledon-1402,Grigor Dimitrov,Holger Rune,1704.0,1,7,42,0,0,3,3,40,30,1,2,2,21,21,0,0,0,0,0,0,0,1,0,1,0,0,0,0,0,0,0,0,0,0,0,4.718,7.775,0,,C,CTL,ND
2023-wimbledon-1402,Grigor Dimitrov,Holger Rune,1757.0,1,7,43,0,0,3,3,40,40,1,1,2,21,22,0,0,0,0,0,0,0,0,0,0,0,1,0,0,0,0,0,0,0,0,0,28.63,22.021,6,117.0,BW,NCTL,ND
2023-wimbledon-1402,Grigor Dimitrov,Holger Rune,1816.0,1,7,44,0,0,3,3,40,AD,1,2,1,22,22,0,0,0,0,0,0,0,0,0,0,0,1,0,1,0,0,1,0,0,0,1,71.107,75.555,17,95.0,B,NCTL,ND
2023-wimbledon-1402,Grigor Dimitrov,Holger Rune,1893.0,1,7,45,0,0,3,3,40,40,1,2,2,22,23,0,0,0,0,0,0,0,1,0,1,0,0,0,0,0,0,0,0,0,0,0,1.338,1.91,0,,B,CTL,
2023-wimbledon-1402,Grigor Dimitrov,Holger Rune,1936.0,1,7,46,0,0,3,3,40,AD,1,1,1,23,23,0,0,0,0,0,0,0,0,0,0,0,0,0,0,0,0,1,0,0,0,1,30.022,36.577,7,131.0,C,NCTL,ND
2023-wimbledon-1402,Grigor Dimitrov,Holger Rune,1981.0,1,7,47,0,0,3,3,40,40,1,2,1,24,23,0,0,0,0,0,0,0,0,0,0,0,1,0,1,0,0,0,0,0,0,0,9.113,10.344,3,95.0,C,NCTL,ND
2023-wimbledon-1402,Grigor Dimitrov,Holger Rune,2026.0,1,7,48,0,0,3,3,AD,40,1,2,2,24,24,0,0,0,0,0,0,0,0,0,1,0,0,0,0,0,0,0,0,0,0,0,14.791,18.05,4,91.0,BW,NCTL,ND
2023-wimbledon-1402,Grigor Dimitrov,Holger Rune,2072.0,1,7,49,0,0,3,3,40,40,1,2,1,25,24,0,0,0,0,0,0,0,0,0,0,1,0,0,0,0,0,0,0,0,0,0,5.806,5.003,1,98.0,BC,NCTL,ND
2023-wimbledon-1402,Grigor Dimitrov,Holger Rune,2109.0,1,7,50,0,0,3,3,AD,40,1,2,2,25,25,0,0,0,0,0,1,F,0,0,0,0,0,0,0,0,0,0,0,0,0,0,57.607,53.012,14,112.0,C,NCTL,ND
2023-wimbledon-1402,Grigor Dimitrov,Holger Rune,2177.0,1,7,51,0,0,3,3,40,40,1,1,2,25,26,0,0,0,0,0,0,0,0,0,1,0,0,0,0,0,0,0,0,0,0,0,24.02,28.208,4,127.0,BC,CTL,ND
2023-wimbledon-1402,Grigor Dimitrov,Holger Rune,2236.0,1,7,52,0,0,3,3,40,AD,1,1,1,26,26,0,0,0,0,1,0,F,0,0,0,0,0,0,0,0,0,1,0,0,0,1,48.796,40.519,7,129.0,W,CTL,D
2023-wimbledon-1402,Grigor Dimitrov,Holger Rune,2282.0,1,7,53,0,0,3,3,40,40,1,2,1,27,26,0,0,0,0,0,0,0,0,0,0,1,0,0,0,0,0,0,0,0,0,0,2.626,3.032,1,104.0,BC,CTL,ND
2023-wimbledon-1402,Grigor Dimitrov,Holger Rune,2321.0,1,7,54,0,0,3,3,AD,40,1,2,2,27,27,0,0,0,0,0,0,0,0,0,1,0,0,0,0,0,0,0,0,0,0,0,23.037,19.985,6,92.0,BW,NCTL,ND
2023-wimbledon-1402,Grigor Dimitrov,Holger Rune,2373.0,1,7,55,0,0,3,3,40,40,1,1,1,28,27,0,0,0,0,0,0,0,0,0,0,0,0,0,0,0,0,0,0,0,0,0,40.722,36.707,9,120.0,W,NCTL,ND
2023-wimbledon-1402,Grigor Dimitrov,Holger Rune,2416.0,1,7,56,0,0,3,3,AD,40,1,1,1,29,27,1,0,1,0,1,0,0,0,0,0,0,0,0,0,0,0,0,0,0,0,0,0.845,0.89,1,132.0,W,CTL,
2023-wimbledon-1402,Grigor Dimitrov,Holger Rune,2516.0,1,8,57,0,0,4,3,0,0,2,2,2,29,28,0,0,0,0,0,0,0,0,0,0,0,0,0,0,0,0,0,0,0,0,0,5.556,5.532,1,100.0,BC,NCTL,D
2023-wimbledon-1402,Grigor Dimitrov,Holger Rune,2542.0,1,8,58,0,0,4,3,0,15,2,1,1,30,28,0,0,0,0,0,0,0,0,0,0,0,0,0,0,0,0,0,0,0,0,0,30.997,20.625,6,122.0,C,NCTL,D
2023-wimbledon-1402,Grigor Dimitrov,Holger Rune,2573.0,1,8,59,0,0,4,3,15,15,2,2,1,31,28,0,0,0,0,0,0,0,0,0,0,0,0,0,0,0,0,0,0,0,0,0,20.693,15.381,4,101.0,BC,NCTL,ND
2023-wimbledon-1402,Grigor Dimitrov,Holger Rune,2617.0,1,8,60,0,0,4,3,30,15,2,1,1,32,28,0,0,0,0,1,0,B,0,0,0,0,0,1,0,0,0,0,0,0,0,0,13.928,9.738,4,130.0,BW,NCTL,ND
2023-wimbledon-1402,Grigor Dimitrov,Holger Rune,2652.0,1,8,61,0,0,4,3,40,15,2,2,2,32,29,0,0,0,0,0,0,0,0,0,1,0,0,0,0,0,1,0,0,0,1,0,30.757,33.459,7,117.0,BW,NCTL,D
2023-wimbledon-1402,Grigor Dimitrov,Holger Rune,2710.0,1,8,62,0,0,4,3,40,30,2,1,1,33,29,1,0,0,0,0,0,0,0,0,0,1,0,0,0,0,1,0,1,0,0,0,8.475,6.729,2,129.0,C,CTL,ND
2023-wimbledon-1402,Grigor Dimitrov,Holger Rune,2791.0,1,9,63,0,0,5,3,0,0,1,2,2,33,30,0,0,0,0,0,0,0,0,0,1,0,1,0,0,0,0,0,0,0,0,0,30.317,29.505,8,101.0,BC,NCTL,D
2023-wimbledon-1402,Grigor Dimitrov,Holger Rune,2842.0,1,9,64,0,0,5,3,0,15,1,2,2,33,31,0,0,0,0,0,0,0,0,0,0,0,0,0,0,0,0,0,0,0,0,0,19.543,26.851,6,88.0,BW,NCTL,ND
2023-wimbledon-1402,Grigor Dimitrov,Holger Rune,2887.0,1,9,65,0,0,5,3,0,30,1,1,1,34,31,0,0,0,0,0,0,0,0,0,0,0,0,0,0,0,0,0,0,0,0,0,1.411,2.263,1,121.0,W,CTL,
2023-wimbledon-1402,Grigor Dimitrov,Holger Rune,2914.0,1,9,66,0,0,5,3,15,30,1,2,2,34,32,0,0,0,0,0,0,0,0,0,1,0,0,0,0,0,0,0,0,0,0,0,33.056,40.678,8,95.0,BW,NCTL,D
2023-wimbledon-1402,Grigor Dimitrov,Holger Rune,2966.0,1,9,67,0,0,5,3,15,40,1,2,1,35,32,0,0,0,0,0,0,0,0,0,0,0,0,0,0,0,0,1,0,0,0,1,20.393,22.043,5,104.0,BC,CTL,ND
2023-wimbledon-1402,Grigor Dimitrov,Holger Rune,3021.0,1,9,68,0,0,5,3,30,40,1,1,1,36,32,0,0,0,0,1,0,0,0,0,0,0,0,0,0,0,0,1,0,0,0,1,2.278,3.606,1,132.0,W,NCTL,ND
2023-wimbledon-1402,Grigor Dimitrov,Holger Rune,3050.0,1,9,69,0,0,5,3,40,40,1,1,1,37,32,0,0,0,0,0,0,0,0,0,0,0,0,0,0,0,0,0,0,0,0,0,4.977,6.944,1,112.0,W,CTL,D
2023-wimbledon-1402,Grigor Dimitrov,Holger Rune,3079.0,1,9,70,0,0,5,3,AD,40,1,1,2,37,33,0,0,0,0,0,0,0,0,0,0,0,1,0,0,0,0,0,0,0,0,0,83.773,65.086,18,132.0,C,CTL,D
2023-wimbledon-1402,Grigor Dimitrov,Holger Rune,3149.0,1,9,71,0,0,5,3,40,40,1,1,1,38,33,0,0,0,0,1,0,F,0,0,0,0,0,0,0,0,0,0,0,0,0,0,7.922,13.735,3,109.0,W,CTL,ND
2023-wimbledon-1402,Grigor Dimitrov,Holger Rune,3184.0,1,9,72,0,0,5,3,AD,40,1,2,2,38,34,0,0,0,0,0,1,F,0,0,0,0,0,1,0,1,0,0,0,0,0,0,19.822,18.34,6,93.0,BW,NCTL,D
2023-wimbledon-1402,Grigor Dimitrov,Holger Rune,3234.0,1,9,73,0,0,5,3,40,40,1,1,1,39,34,0,0,0,0,0,0,0,0,0,0,0,0,0,0,0,0,0,0,0,0,0,3.973,4.607,1,133.0,C,NCTL,ND
2023-wimbledon-1402,Grigor Dimitrov,Holger Rune,3260.0,1,9,74,0,0,5,3,AD,40,1,2,1,40,34,1,1,0,0,0,0,0,0,0,0,0,0,0,0,0,0,0,0,0,0,0,24.548,17.455,5,94.0,B,NCTL,D
2023-wimbledon-1402,Grigor Dimitrov,Holger Rune,3459.0,2,1,75,1,0,0,0,0,0,2,1,2,40,35,0,0,0,0,0,0,0,0,0,0,0,0,0,0,0,0,0,0,0,0,0,3.629,3.725,1,113.0,BW,NCTL,D
2023-wimbledon-1402,Grigor Dimitrov,Holger Rune,3472.0,2,1,76,1,0,0,0,0,15,2,1,2,40,36,0,0,0,1,0,1,0,0,0,0,0,0,0,0,0,0,0,0,0,0,0,1.104,1.022,1,123.0,W,CTL,
2023-wimbledon-1402,Grigor Dimitrov,Holger Rune,3486.0,2,1,77,1,0,0,0,0,30,2,1,2,40,37,0,0,0,0,0,1,B,0,0,0,0,0,1,0,1,0,0,0,0,0,0,14.88,13.745,5,128.0,C,CTL,ND
2023-wimbledon-1402,Grigor Dimitrov,Holger Rune,3505.0,2,1,78,1,0,0,0,0,40,2,1,2,40,38,2,0,0,0,0,1,F,0,0,0,0,0,1,0,1,0,0,0,0,0,0,8.369,8.128,3,129.0,C,NCTL,ND
2023-wimbledon-1402,Grigor Dimitrov,Holger Rune,3553.0,2,2,79,1,0,0,1,0,0,1,1,1,41,38,0,0,0,0,1,0,F,0,0,0,0,1,0,1,0,0,0,0,0,0,0,17.647,15.211,3,133.0,C,CTL,D
2023-wimbledon-1402,Grigor Dimitrov,Holger Rune,3589.0,2,2,80,1,0,0,1,15,0,1,1,1,42,38,0,0,0,0,0,0,0,0,0,0,0,0,0,0,0,0,0,0,0,0,0,2.052,3.207,1,129.0,C,NCTL,ND
2023-wimbledon-1402,Grigor Dimitrov,Holger Rune,3609.0,2,2,81,1,0,0,1,30,0,1,2,2,42,39,0,0,0,0,0,0,0,1,0,1,0,0,0,0,0,0,0,0,0,0,0,0.906,1.138,0,,B,CTL,
2023-wimbledon-1402,Grigor Dimitrov,Holger Rune,3645.0,2,2,82,1,0,0,1,30,15,1,1,1,43,39,0,0,0,0,0,0,0,0,0,0,0,0,0,0,0,0,0,0,0,0,0,5.687,5.905,1,130.0,BW,NCTL,D
2023-wimbledon-1402,Grigor Dimitrov,Holger Rune,3667.0,2,2,83,1,0,0,1,40,15,1,2,1,44,39,1,0,0,0,0,0,0,0,0,0,0,0,0,0,0,0,0,0,0,0,0,7.565,10.551,3,101.0,C,NCTL,ND
2023-wimbledon-1402,Grigor Dimitrov,Holger Rune,3753.0,2,3,84,1,0,1,1,0,0,2,2,2,44,40,0,0,0,0,0,1,0,0,0,0,0,0,0,0,0,0,0,0,0,0,0,2.598,1.679,1,114.0,C,NCTL,D
2023-wimbledon-1402,Grigor Dimitrov,Holger Rune,3780.0,2,3,85,1,0,1,1,0,15,2,1,1,45,40,0,0,0,0,0,0,0,0,0,0,1,0,0,0,0,0,0,0,0,0,0,14.227,13.807,4,107.0,BW,NCTL,D
2023-wimbledon-1402,Grigor Dimitrov,Holger Rune,3804.0,2,3,86,1,0,1,1,15,15,2,1,2,45,41,0,0,0,1,0,1,0,0,0,0,0,0,0,0,0,0,0,0,0,0,0,0.74,0.819,1,119.0,W,CTL,
2023-wimbledon-1402,Grigor Dimitrov,Holger Rune,3822.0,2,3,87,1,0,1,1,15,30,2,2,1,46,41,0,0,0,0,0,0,0,0,0,0,0,0,0,0,0,0,0,0,0,0,0,21.143,18.128,2,95.0,BW,NCTL,ND
2023-wimbledon-1402,Grigor Dimitrov,Holger Rune,3863.0,2,3,88,1,0,1,1,30,30,2,1,2,46,42,0,0,0,0,0,1,B,0,0,0,0,0,1,0,1,0,0,0,0,0,0,20.773,21.165,5,122.0,BW,NCTL,D
2023-wimbledon-1402,Grigor Dimitrov,Holger Rune,3900.0,2,3,89,1,0,1,1,30,40,2,1,1,47,42,0,0,0,0,1,0,F,0,0,0,0,0,1,0,0,0,0,0,0,0,0,25.127,22.822,6,125.0,C,NCTL,ND
2023-wimbledon-1402,Grigor Dimitrov,Holger Rune,3934.0,2,3,90,1,0,1,1,40,40,2,2,1,48,42,0,0,0,0,0,0,0,0,1,0,1,0,0,0,0,0,0,0,0,0,0,1.254,1.027,0,,B,CTL,
2023-wimbledon-1402,Grigor Dimitrov,Holger Rune,3975.0,2,3,91,1,0,1,1,AD,40,2,2,1,49,42,1,0,0,0,0,0,0,0,1,0,1,0,0,0,0,1,0,1,0,0,0,0.795,0.864,0,,W,CTL,
2023-wimbledon-1402,Grigor Dimitrov,Holger Rune,4086.0,2,4,92,1,0,2,1,0,0,1,1,1,50,42,0,0,1,0,1,0,0,0,0,0,0,0,0,0,0,0,0,0,0,0,0,1.144,1.039,1,129.0,C,NCTL,
2023-wimbledon-1402,Grigor Dimitrov,Holger Rune,4107.0,2,4,93,1,0,2,1,15,0,1,1,1,51,42,0,0,0,0,0,0,0,0,0,0,1,0,0,0,0,0,0,0,0,0,0,58.842,57.41,13,129.0,C,NCTL,ND
2023-wimbledon-1402,Grigor Dimitrov,Holger Rune,4152.0,2,4,94,1,0,2,1,30,0,1,2,2,51,43,0,0,0,0,0,0,0,1,0,1,0,0,0,0,0,0,0,0,0,0,0,5.896,5.566,0,,B,CTL,ND
2023-wimbledon-1402,Grigor Dimitrov,Holger Rune,4188.0,2,4,95,1,0,2,1,30,15,1,2,1,52,43,0,0,0,0,0,0,0,0,0,0,0,0,0,0,0,0,0,0,0,0,0,36.114,39.02,9,87.0,BC,NCTL,ND
2023-wimbledon-1402,Grigor Dimitrov,Holger Rune,4238.0,2,4,96,1,0,2,1,40,15,1,1,1,53,43,1,0,0,0,1,0,0,0,0,0,0,0,0,0,0,0,0,0,0,0,0,10.878,12.756,1,129.0,C,CTL,D
2023-wimbledon-1402,Grigor Dimitrov,Holger Rune,4280.0,2,5,97,1,0,3,1,0,0,2,1,2,53,44,0,0,0,0,0,0,0,0,0,0,0,0,0,0,0,0,0,0,0,0,0,10.158,9.151,3,121.0,W,NCTL,D
2023-wimbledon-1402,Grigor Dimitrov,Holger Rune,4298.0,2,5,98,1,0,3,1,0,15,2,1,2,53,45,0,0,0,0,0,0,0,0,0,0,0,0,1,0,1,0,0,0,0,0,0,11.311,9.954,3,124.0,C,NCTL,ND
2023-wimbledon-1402,Grigor Dimitrov,Holger Rune,4314.0,2,5,99,1,0,3,1,0,30,2,1,2,53,46,0,0,0,0,0,0,0,0,0,0,0,0,0,0,0,0,0,0,0,0,0,14.261,11.851,3,126.0,C,NCTL,ND
2023-wimbledon-1402,Grigor Dimitrov,Holger Rune,4331.0,2,5,100,1,0,3,1,0,40,2,1,2,53,47,2,0,0,0,0,0,0,0,0,0,0,0,0,0,0,0,0,0,0,0,0,7.773,7.08,1,92.0,W,CTL,D
2023-wimbledon-1402,Grigor Dimitrov,Holger Rune,4431.0,2,6,101,1,0,3,2,0,0,1,2,1,54,47,0,0,0,0,0,0,0,0,0,0,0,0,0,0,0,0,0,0,0,0,0,23.084,30.01,5,101.0,B,NCTL,ND
2023-wimbledon-1402,Grigor Dimitrov,Holger Rune,4470.0,2,6,102,1,0,3,2,15,0,1,2,2,54,48,0,0,0,0,0,0,0,0,0,0,0,0,0,0,0,0,0,0,0,0,0,11.593,14.889,4,98.0,BW,CTL,ND
2023-wimbledon-1402,Grigor Dimitrov,Holger Rune,4512.0,2,6,103,1,0,3,2,15,15,1,1,1,55,48,0,0,0,0,0,0,0,0,0,0,0,0,0,0,0,0,0,0,0,0,0,26.727,29.23,3,115.0,W,CTL,D
2023-wimbledon-1402,Grigor Dimitrov,Holger Rune,4543.0,2,6,104,1,0,3,2,30,15,1,1,1,56,48,0,0,0,0,0,0,0,0,0,0,1,0,0,0,0,0,0,0,0,0,0,23.827,25.418,5,123.0,C,NCTL,ND
2023-wimbledon-1402,Grigor Dimitrov,Holger Rune,4574.0,2,6,105,1,0,3,2,40,15,1,1,1,57,48,1,0,0,0,0,0,0,0,0,0,0,0,0,0,0,0,0,0,0,0,0,10.457,14.104,3,134.0,C,NCTL,ND
2023-wimbledon-1402,Grigor Dimitrov,Holger Rune,4613.0,2,7,106,1,0,4,2,0,0,2,2,2,57,49,0,0,0,0,0,1,F,0,0,0,0,0,0,0,0,0,0,0,0,0,0,8.905,5.151,3,100.0,C,NCTL,ND
2023-wimbledon-1402,Grigor Dimitrov,Holger Rune,4645.0,2,7,107,1,0,4,2,0,15,2,2,2,57,50,0,0,0,0,0,0,0,0,0,1,0,0,0,0,0,0,0,0,0,0,0,11.853,9.154,3,111.0,BC,NCTL,ND
2023-wimbledon-1402,Grigor Dimitrov,Holger Rune,4671.0,2,7,108,1,0,4,2,0,30,2,1,2,57,51,0,0,0,0,0,0,0,0,0,0,0,0,1,0,1,0,0,0,0,0,0,4.251,5.166,1,122.0,C,NCTL,ND
2023-wimbledon-1402,Grigor Dimitrov,Holger Rune,4684.0,2,7,109,1,0,4,2,0,40,2,2,2,57,52,2,0,0,0,0,0,0,0,0,0,0,0,0,0,0,0,0,0,0,0,0,5.513,4.243,1,130.0,BC,NCTL,ND
2023-wimbledon-1402,Grigor Dimitrov,Holger Rune,4794.0,2,8,110,1,0,4,3,0,0,1,1,1,58,52,0,0,0,0,1,0,F,0,0,0,0,1,0,1,0,0,0,0,0,0,0,14.826,12.003,5,117.0,BW,NCTL,ND
2023-wimbledon-1402,Grigor Dimitrov,Holger Rune,4822.0,2,8,111,1,0,4,3,15,0,1,2,1,59,52,0,0,0,0,0,0,0,0,0,0,0,0,0,0,0,0,0,0,0,0,0,1.183,1.254,1,98.0,W,CTL,
2023-wimbledon-1402,Grigor Dimitrov,Holger Rune,4854.0,2,8,112,1,0,4,3,30,0,1,1,2,59,53,0,0,0,0,0,0,0,0,0,0,0,0,0,0,0,0,0,0,0,0,0,6.684,8.73,2,111.0,BW,CTL,D
2023-wimbledon-1402,Grigor Dimitrov,Holger Rune,4879.0,2,8,113,1,0,4,3,30,15,1,1,2,59,54,0,0,0,0,0,0,0,0,0,1,0,1,0,0,0,0,0,0,0,0,0,11.961,9.514,2,119.0,C,NCTL,ND
2023-wimbledon-1402,Grigor Dimitrov,Holger Rune,4911.0,2,8,114,1,0,4,3,30,30,1,1,2,59,55,0,0,0,0,0,0,0,0,0,0,0,0,0,0,0,0,0,0,0,0,0,18.132,16.895,4,126.0,BC,NCTL,ND
2023-wimbledon-1402,Grigor Dimitrov,Holger Rune,4945.0,2,8,115,1,0,4,3,30,40,1,1,2,59,56,2,0,0,0,0,0,0,0,0,0,0,0,0,0,0,0,1,0,1,0,0,13.482,19.858,4,128.0,B,CTL,ND
2023-wimbledon-1402,Grigor Dimitrov,Holger Rune,4984.0,2,9,116,1,0,4,4,0,0,2,2,1,60,56,0,0,0,0,0,0,0,0,0,0,1,0,0,0,0,0,0,0,0,0,0,14.406,14.981,4,110.0,BW,NCTL,D
2023-wimbledon-1402,Grigor Dimitrov,Holger Rune,5021.0,2,9,117,1,0,4,4,15,0,2,1,2,60,57,0,0,0,0,0,0,0,0,0,1,0,1,0,0,0,0,0,0,0,0,0,34.158,30.939,7,122.0,W,CTL,D
2023-wimbledon-1402,Grigor Dimitrov,Holger Rune,5062.0,2,9,118,1,0,4,4,15,15,2,1,2,60,58,0,0,0,0,0,1,B,0,0,0,0,0,0,0,0,0,0,0,0,0,0,15.308,9.28,3,125.0,W,CTL,ND
2023-wimbledon-1402,Grigor Dimitrov,Holger Rune,5102.0,2,9,119,1,0,4,4,15,30,2,1,2,60,59,0,0,0,0,0,1,F,0,0,0,0,0,1,0,1,0,0,0,0,0,0,10.939,13.577,3,129.0,C,CTL,ND
2023-wimbledon-1402,Grigor Dimitrov,Holger Rune,5129.0,2,9,120,1,0,4,4,15,40,2,2,2,60,60,2,0,0,0,0,0,0,0,0,0,0,0,1,0,1,0,0,0,0,0,0,6.951,9.772,1,101.0,BC,NCTL,ND
2023-wimbledon-1402,Grigor Dimitrov,Holger Rune,5234.0,2,10,121,1,0,4,5,0,0,1,1,1,61,60,0,0,0,0,0,0,0,0,0,0,0,1,0,1,0,0,0,0,0,0,0,12.375,17.408,3,119.0,BW,NCTL,ND
2023-wimbledon-1402,Grigor Dimitrov,Holger Rune,5257.0,2,10,122,1,0,4,5,15,0,1,1,2,61,61,0,0,0,0,0,0,0,0,0,1,0,0,0,0,0,0,0,0,0,0,0,24.532,24.231,4,123.0,BC,CTL,ND
2023-wimbledon-1402,Grigor Dimitrov,Holger Rune,5311.0,2,10,123,1,0,4,5,15,15,1,1,2,61,62,0,0,0,0,0,0,0,0,0,1,0,0,0,0,0,0,0,0,0,0,0,6.351,9.666,2,115.0,W,CTL,ND
2023-wimbledon-1402,Grigor Dimitrov,Holger Rune,5340.0,2,10,124,1,0,4,5,15,30,1,1,1,62,62,0,0,1,0,1,0,0,0,0,0,0,0,0,0,0,0,0,0,0,0,0,4.942,6.435,1,126.0,W,CTL,D
2023-wimbledon-1402,Grigor Dimitrov,Holger Rune,5363.0,2,10,125,1,0,4,5,30,30,1,1,2,62,63,0,0,0,0,0,0,0,0,0,0,0,0,0,0,0,0,0,0,0,0,0,19.556,26.306,6,112.0,BW,NCTL,D
2023-wimbledon-1402,Grigor Dimitrov,Holger Rune,5414.0,2,10,126,1,0,4,5,30,40,1,2,1,63,63,0,0,0,0,0,0,0,0,0,0,0,1,0,1,0,0,1,0,0,0,1,17.536,23.346,5,97.0,B,NCTL,D
2023-wimbledon-1402,Grigor Dimitrov,Holger Rune,5463.0,2,10,127,1,0,4,5,40,40,1,1,1,64,63,0,0,0,0,0,0,0,0,0,0,0,1,0,1,0,0,0,0,0,0,0,14.793,18.879,3,129.0,C,NCTL,ND
2023-wimbledon-1402,Grigor Dimitrov,Holger Rune,5494.0,2,10,128,1,0,4,5,AD,40,1,2,1,65,63,1,0,0,0,0,0,0,0,0,0,1,0,1,0,0,0,0,0,0,0,0,45.279,44.641,11,98.0,B,NCTL,ND
2023-wimbledon-1402,Grigor Dimitrov,Holger Rune,5563.0,2,11,129,1,0,5,5,0,0,2,1,2,65,64,0,0,0,0,0,0,0,0,0,0,0,0,0,0,0,0,0,0,0,0,0,4.43,3.226,1,127.0,C,NCTL,ND
2023-wimbledon-1402,Grigor Dimitrov,Holger Rune,5583.0,2,11,130,1,0,5,5,0,15,2,1,2,65,65,0,0,0,1,0,1,0,0,0,0,0,0,0,0,0,0,0,0,0,0,0,1.099,0.862,1,126.0,C,CTL,
2023-wimbledon-1402,Grigor Dimitrov,Holger Rune,5598.0,2,11,131,1,0,5,5,0,30,2,1,1,66,65,0,0,0,0,1,0,B,0,0,0,0,0,1,0,0,0,0,0,0,0,0,16.137,14.206,4,102.0,BW,NCTL,D
2023-wimbledon-1402,Grigor Dimitrov,Holger Rune,5631.0,2,11,132,1,0,5,5,15,30,2,2,1,67,65,0,0,0,0,0,0,0,0,1,0,1,0,0,0,0,0,0,0,0,0,0,1.298,1.077,0,,C,CTL,
2023-wimbledon-1402,Grigor Dimitrov,Holger Rune,5670.0,2,11,133,1,0,5,5,30,30,2,1,2,67,66,0,0,0,0,0,1,F,0,0,0,0,0,0,0,0,0,0,0,0,0,0,38.501,37.204,11,115.0,W,CTL,ND
2023-wimbledon-1402,Grigor Dimitrov,Holger Rune,5717.0,2,11,134,1,0,5,5,30,40,2,1,2,67,67,2,0,0,0,0,1,F,0,0,0,0,0,1,0,1,0,0,0,0,0,0,20.038,18.03,5,126.0,C,NCTL,ND
2023-wimbledon-1402,Grigor Dimitrov,Holger Rune,5822.0,2,12,135,1,0,5,6,0,0,1,2,1,68,67,0,0,0,0,0,0,0,0,0,0,1,0,0,0,0,0,0,0,0,0,0,11.589,10.9,3,97.0,BC,CTL,D
2023-wimbledon-1402,Grigor Dimitrov,Holger Rune,5860.0,2,12,136,1,0,5,6,15,0,1,1,1,69,67,0,0,0,0,0,0,0,0,0,0,0,1,0,1,0,0,0,0,0,0,0,32.119,54.59,5,122.0,BW,NCTL,ND
2023-wimbledon-1402,Grigor Dimitrov,Holger Rune,5899.0,2,12,137,1,0,5,6,30,0,1,2,2,69,68,0,0,0,0,0,0,0,0,0,0,0,0,0,0,0,0,0,0,0,0,0,7.445,6.3,2,97.0,BC,NCTL,D
2023-wimbledon-1402,Grigor Dimitrov,Holger Rune,5937.0,2,12,138,1,0,5,6,30,15,1,1,1,70,68,0,0,0,0,0,0,0,0,0,0,1,0,0,0,0,0,0,0,0,0,0,43.766,48.111,13,124.0,BC,CTL,D
2023-wimbledon-1402,Grigor Dimitrov,Holger Rune,5983.0,2,12,139,1,0,5,6,40,15,1,2,1,71,68,1,0,0,0,1,0,F,0,0,0,0,0,0,0,0,0,0,0,0,0,0,23.199,24.009,5,94.0,BC,NCTL,ND
2023-wimbledon-1402,Grigor Dimitrov,Holger Rune,6043.0,2,13,140,1,0,6,6,0,0,2,1,2,71,69,0,0,0,0,0,0,0,0,0,0,0,0,0,0,0,0,0,0,0,0,0,26.335,21.034,5,117.0,W,CTL,ND
2023-wimbledon-1402,Grigor Dimitrov,Holger Rune,6086.0,2,13,141,1,0,6,6,0,1,1,1,1,72,69,0,0,0,0,0,0,0,0,0,0,0,1,0,1,0,0,0,0,0,0,0,11.72,17.5,3,129.0,W,CTL,
2023-wimbledon-1402,Grigor Dimitrov,Holger Rune,6122.0,2,13,142,1,0,6,6,1,1,1,2,1,73,69,0,0,0,0,0,0,0,0,0,0,0,0,0,0,0,0,0,0,0,0,0,85.039,99.695,25,98.0,C,NCTL,D
2023-wimbledon-1402,Grigor Dimitrov,Holger Rune,6221.0,2,13,143,1,0,6,6,2,1,2,1,2,73,70,0,0,0,0,0,1,0,0,0,0,0,0,0,0,0,0,0,0,0,0,0,1.699,1.08,1,119.0,C,CTL,
2023-wimbledon-1402,Grigor Dimitrov,Holger Rune,6254.0,2,13,144,1,0,6,6,2,2,2,1,2,73,71,0,0,0,1,0,1,0,0,0,0,0,0,0,0,0,0,0,0,0,0,0,0.94,0.838,1,129.0,C,NCTL,
2023-wimbledon-1402,Grigor Dimitrov,Holger Rune,6288.0,2,13,145,1,0,6,6,2,3,1,2,1,74,71,0,0,0,0,0,0,0,0,0,0,0,0,1,0,0,0,0,0,0,0,0,82.172,72.839,19,90.0,W,CTL,D
2023-wimbledon-1402,Grigor Dimitrov,Holger Rune,6388.0,2,13,146,1,0,6,6,3,3,1,2,1,75,71,0,0,0,0,0,0,0,0,0,0,1,0,0,0,0,0,0,0,0,0,0,6.691,7.292,1,91.0,BC,NCTL,D
2023-wimbledon-1402,Grigor Dimitrov,Holger Rune,6430.0,2,13,147,1,0,6,6,4,3,2,1,2,75,72,0,0,0,0,0,0,0,0,0,1,0,0,0,0,0,0,0,0,0,0,0,16.799,18.099,5,127.0,C,CTL,D
2023-wimbledon-1402,Grigor Dimitrov,Holger Rune,6465.0,2,13,148,1,0,6,6,4,4,2,2,2,75,73,0,0,0,0,0,0,0,0,0,1,0,1,0,0,0,0,0,0,0,0,0,20.901,20.348,5,102.0,B,CTL,ND
2023-wimbledon-1402,Grigor Dimitrov,Holger Rune,6520.0,2,13,149,1,0,6,6,4,5,1,2,2,75,74,0,0,0,0,0,1,B,0,0,0,0,0,0,0,0,0,0,0,0,0,0,28.542,44.059,10,87.0,BW,NCTL,D
2023-wimbledon-1402,Grigor Dimitrov,Holger Rune,6578.0,2,13,150,1,0,6,6,4,6,1,1,1,76,74,0,0,0,0,0,0,0,0,0,0,0,0,0,0,0,0,0,0,0,0,0,3.428,5.287,1,120.0,W,CTL,ND
2023-wimbledon-1402,Grigor Dimitrov,Holger Rune,6614.0,2,13,151,1,0,6,6,5,6,2,1,1,77,74,0,0,0,0,0,0,0,0,0,0,1,0,0,0,0,0,0,0,0,0,0,36.408,29.304,6,135.0,BC,NCTL,D
2023-wimbledon-1402,Grigor Dimitrov,Holger Rune,6672.0,2,13,152,1,0,6,6,6,6,2,1,2,77,75,0,0,0,0,0,1,B,0,0,0,0,0,0,0,0,0,0,0,0,0,0,16.022,9.415,3,126.0,W,NCTL,ND
2023-wimbledon-1402,Grigor Dimitrov,Holger Rune,6713.0,2,13,153,1,0,6,6,6,7,1,2,2,77,76,2,2,0,0,0,0,0,0,0,1,0,0,0,0,0,0,0,0,0,0,0,62.823,57.92,18,82.0,BW,NCTL,ND
2023-wimbledon-1402,Grigor Dimitrov,Holger Rune,6894.0,3,1,154,1,1,0,0,0,0,1,1,2,77,77,0,0,0,0,0,0,0,0,0,0,0,0,0,0,0,0,0,0,0,0,0,24.332,21.026,6,120.0,C,NCTL,D
2023-wimbledon-1402,Grigor Dimitrov,Holger Rune,6925.0,3,1,155,1,1,0,0,0,15,1,2,1,78,77,0,0,0,0,0,0,0,0,0,0,1,0,0,0,0,0,0,0,0,0,0,15.066,15.216,5,105.0,B,NCTL,ND
2023-wimbledon-1402,Grigor Dimitrov,Holger Rune,6965.0,3,1,156,1,1,0,0,15,15,1,1,1,79,77,0,0,1,0,1,0,0,0,0,0,0,0,0,0,0,0,0,0,0,0,0,0.736,1.166,1,111.0,W,CTL,
2023-wimbledon-1402,Grigor Dimitrov,Holger Rune,6988.0,3,1,157,1,1,0,0,30,15,1,2,2,79,78,0,0,0,0,0,0,0,0,0,0,0,0,1,0,1,0,0,0,0,0,0,14.342,13.958,4,93.0,BW,NCTL,ND
2023-wimbledon-1402,Grigor Dimitrov,Holger Rune,7032.0,3,1,158,1,1,0,0,30,30,1,1,1,80,78,0,0,0,0,0,0,0,0,0,0,0,0,0,0,0,0,0,0,0,0,0,3.811,4.653,1,109.0,W,NCTL,ND
2023-wimbledon-1402,Grigor Dimitrov,Holger Rune,7056.0,3,1,159,1,1,0,0,40,30,1,1,1,81,78,1,0,1,0,1,0,0,0,0,0,0,0,0,0,0,0,0,0,0,0,0,1.07,1.265,1,122.0,C,CTL,
2023-wimbledon-1402,Grigor Dimitrov,Holger Rune,7110.0,3,2,160,1,1,1,0,0,0,2,2,1,82,78,0,0,0,0,0,0,0,0,0,0,1,0,0,0,0,0,0,0,0,0,0,14.039,10.465,4,105.0,W,NCTL,D
2023-wimbledon-1402,Grigor Dimitrov,Holger Rune,7147.0,3,2,161,1,1,1,0,15,0,2,1,2,82,79,0,0,0,0,0,0,0,0,0,0,0,0,0,0,0,0,0,0,0,0,0,10.337,11.374,1,120.0,W,CTL,ND
2023-wimbledon-1402,Grigor Dimitrov,Holger Rune,7168.0,3,2,162,1,1,1,0,15,15,2,1,2,82,80,0,0,0,0,0,0,0,0,0,0,0,1,0,0,0,0,0,0,0,0,0,25.732,27.382,5,122.0,BC,CTL,ND
2023-wimbledon-1402,Grigor Dimitrov,Holger Rune,7225.0,3,2,163,1,1,1,0,15,30,2,2,2,82,81,0,0,0,0,0,1,F,0,0,0,0,0,0,0,0,0,0,0,0,0,0,9.577,9.031,3,105.0,BW,NCTL,ND
2023-wimbledon-1402,Grigor Dimitrov,Holger Rune,7262.0,3,2,164,1,1,1,0,15,40,2,2,2,82,82,2,0,0,0,0,1,F,0,0,0,0,0,0,0,0,0,0,0,0,0,0,48.341,42.279,11,117.0,BC,NCTL,D
2023-wimbledon-1402,Grigor Dimitrov,Holger Rune,7326.0,3,3,165,1,1,1,1,0,0,1,1,1,83,82,0,0,0,0,0,0,0,0,0,0,0,0,0,0,0,0,0,0,0,0,0,6.518,6.401,1,126.0,C,NCTL,D
2023-wimbledon-1402,Grigor Dimitrov,Holger Rune,7345.0,3,3,166,1,1,1,1,15,0,1,1,1,84,82,0,0,0,0,0,0,0,0,0,0,0,0,0,0,0,0,0,0,0,0,0,4.159,5.297,1,130.0,C,NCTL,D
2023-wimbledon-1402,Grigor Dimitrov,Holger Rune,7363.0,3,3,167,1,1,1,1,30,0,1,1,1,85,82,0,0,0,0,1,0,0,0,0,0,0,0,0,0,0,0,0,0,0,0,0,1.178,1.068,1,110.0,BW,NCTL,
2023-wimbledon-1402,Grigor Dimitrov,Holger Rune,7381.0,3,3,168,1,1,1,1,40,0,1,2,1,86,82,1,0,0,0,1,0,F,0,0,0,0,1,0,1,0,0,0,0,0,0,0,12.326,8.55,3,93.0,B,NCTL,ND
2023-wimbledon-1402,Grigor Dimitrov,Holger Rune,7490.0,3,4,169,1,1,2,1,0,0,2,1,2,86,83,0,0,0,0,0,0,0,0,0,0,0,0,0,0,0,0,0,0,0,0,0,5.124,5.736,1,115.0,BC,CTL,D
2023-wimbledon-1402,Grigor Dimitrov,Holger Rune,7508.0,3,4,170,1,1,2,1,0,15,2,1,1,87,83,0,0,0,0,0,0,0,0,0,0,1,0,0,0,0,0,0,0,0,0,0,27.508,26.824,6,98.0,W,CTL,D
2023-wimbledon-1402,Grigor Dimitrov,Holger Rune,7540.0,3,4,171,1,1,2,1,15,15,2,2,1,88,83,0,0,0,0,0,0,0,0,0,0,1,0,0,0,0,0,0,0,0,0,0,8.183,8.281,2,91.0,B,NCTL,ND
2023-wimbledon-1402,Grigor Dimitrov,Holger Rune,7582.0,3,4,172,1,1,2,1,30,15,2,1,2,88,84,0,0,0,0,0,1,F,0,0,0,0,0,0,0,0,0,0,0,0,0,0,17.286,11.6,5,130.0,B,NCTL,D
2023-wimbledon-1402,Grigor Dimitrov,Holger Rune,7611.0,3,4,173,1,1,2,1,30,30,2,1,2,88,85,0,0,0,0,0,0,0,0,0,0,0,0,0,0,0,0,0,0,0,0,0,4.677,3.69,1,116.0,W,NCTL,D
2023-wimbledon-1402,Grigor Dimitrov,Holger Rune,7630.0,3,4,174,1,1,2,1,30,40,2,2,1,89,85,0,0,0,0,0,0,0,0,1,0,1,0,0,0,0,0,0,0,0,0,0,7.81,8.175,0,,B,CTL,ND
2023-wimbledon-1402,Grigor Dimitrov,Holger Rune,7669.0,3,4,175,1,1,2,1,40,40,2,1,2,89,86,0,0,0,0,0,0,0,0,0,1,0,0,0,0,0,0,0,0,0,0,0,20.191,16.333,5,130.0,C,CTL,D
2023-wimbledon-1402,Grigor Dimitrov,Holger Rune,7704.0,3,4,176,1,1,2,1,40,AD,2,1,2,89,87,2,0,0,1,0,1,0,0,0,0,0,0,0,0,0,0,0,0,0,0,0,1.271,0.988,1,124.0,C,NCTL,
2023-wimbledon-1402,Grigor Dimitrov,Holger Rune,7738.0,3,5,177,1,1,2,2,0,0,1,1,1,90,87,0,0,0,0,0,0,0,0,0,0,0,1,0,1,0,0,0,0,0,0,0,46.904,42.584,9,128.0,BC,NCTL,ND
2023-wimbledon-1402,Grigor Dimitrov,Holger Rune,7778.0,3,5,178,1,1,2,2,15,0,1,1,1,91,87,0,0,0,0,1,0,F,0,0,0,0,1,0,1,0,0,0,0,0,0,0,24.57,25.466,5,125.0,C,CTL,ND
2023-wimbledon-1402,Grigor Dimitrov,Holger Rune,7828.0,3,5,179,1,1,2,2,30,0,1,1,1,92,87,0,0,0,0,1,0,F,0,0,0,0,1,0,1,0,0,0,0,0,0,0,21.484,39.188,5,130.0,BC,NCTL,ND
2023-wimbledon-1402,Grigor Dimitrov,Holger Rune,7858.0,3,5,180,1,1,2,2,40,0,1,2,1,93,87,1,0,0,0,0,0,0,0,0,0,0,0,0,0,0,0,0,0,0,0,0,23.323,29.325,5,97.0,BW,NCTL,ND
2023-wimbledon-1402,Grigor Dimitrov,Holger Rune,7976.0,3,6,181,1,1,3,2,0,0,2,1,2,93,88,0,0,0,0,0,0,0,0,0,0,0,0,0,0,0,0,0,0,0,0,0,5.385,3.854,1,119.0,W,CTL,D
2023-wimbledon-1402,Grigor Dimitrov,Holger Rune,7993.0,3,6,182,1,1,3,2,0,15,2,1,2,93,89,0,0,0,0,0,0,0,0,0,0,0,0,0,0,0,0,0,0,0,0,0,6.924,5.98,1,120.0,W,NCTL,D
2023-wimbledon-1402,Grigor Dimitrov,Holger Rune,8009.0,3,6,183,1,1,3,2,0,30,2,2,2,93,90,0,0,0,0,0,0,0,0,0,1,0,0,0,0,0,0,0,0,0,0,0,22.667,24.139,7,94.0,BC,NCTL,ND
2023-wimbledon-1402,Grigor Dimitrov,Holger Rune,8045.0,3,6,184,1,1,3,2,0,40,2,1,2,93,91,2,0,0,1,0,1,0,0,0,0,0,0,0,0,0,0,0,0,0,0,0,0.996,0.739,1,127.0,W,CTL,
2023-wimbledon-1402,Grigor Dimitrov,Holger Rune,8080.0,3,7,185,1,1,3,3,0,0,1,1,1,94,91,0,0,0,0,0,0,0,0,0,0,0,0,0,0,0,0,0,0,0,0,0,14.489,17.128,5,126.0,C,NCTL,ND
2023-wimbledon-1402,Grigor Dimitrov,Holger Rune,8105.0,3,7,186,1,1,3,3,15,0,1,1,1,95,91,0,0,0,0,1,0,F,0,0,0,0,1,0,1,0,0,0,0,0,0,0,8.36,9.572,3,129.0,BW,CTL,
2023-wimbledon-1402,Grigor Dimitrov,Holger Rune,8129.0,3,7,187,1,1,3,3,30,0,1,2,1,96,91,0,0,0,0,0,0,0,0,0,0,0,0,0,0,0,0,0,0,0,0,0,13.733,19.559,5,102.0,B,NCTL,D
2023-wimbledon-1402,Grigor Dimitrov,Holger Rune,8178.0,3,7,188,1,1,3,3,40,0,1,1,1,97,91,1,0,1,0,1,0,0,0,0,0,0,0,0,0,0,0,0,0,0,0,0,0.977,0.991,1,130.0,C,NCTL,
2023-wimbledon-1402,Grigor Dimitrov,Holger Rune,8271.0,3,8,189,1,1,4,3,0,0,2,2,1,98,91,0,0,0,0,1,0,F,0,0,0,0,1,0,1,0,0,0,0,0,0,0,51.221,39.916,10,111.0,BC,NCTL,D
2023-wimbledon-1402,Grigor Dimitrov,Holger Rune,8323.0,3,8,190,1,1,4,3,15,0,2,1,2,98,92,0,0,0,1,0,1,0,0,0,0,0,0,0,0,0,0,0,0,0,0,0,0.976,0.835,1,123.0,C,CTL,
2023-wimbledon-1402,Grigor Dimitrov,Holger Rune,8350.0,3,8,191,1,1,4,3,15,15,2,1,2,98,93,0,0,0,0,0,1,F,0,0,0,0,0,1,0,1,0,0,0,0,0,0,8.962,10.647,3,125.0,C,CTL,ND
2023-wimbledon-1402,Grigor Dimitrov,Holger Rune,8381.0,3,8,192,1,1,4,3,15,30,2,1,2,98,94,0,0,0,1,0,1,0,0,0,0,0,0,0,0,0,0,0,0,0,0,0,1.078,0.753,1,123.0,C,CTL,
2023-wimbledon-1402,Grigor Dimitrov,Holger Rune,8396.0,3,8,193,1,1,4,3,15,40,2,2,1,99,94,0,0,0,0,0,0,0,0,0,0,0,0,0,0,0,0,0,0,0,0,0,16.551,17.747,4,88.0,C,NCTL,D
2023-wimbledon-1402,Grigor Dimitrov,Holger Rune,8437.0,3,8,194,1,1,4,3,30,40,2,2,2,99,95,2,0,0,0,0,0,0,0,0,0,0,0,1,0,1,0,0,0,0,0,0,34.413,49.084,5,108.0,C,NCTL,ND
2023-wimbledon-1402,Grigor Dimitrov,Holger Rune,8499.0,3,9,195,1,1,4,4,0,0,1,1,2,99,96,0,0,0,0,0,0,0,0,0,0,0,0,0,0,0,0,0,0,0,0,0,4.281,5.364,2,111.0,W,CTL,ND
2023-wimbledon-1402,Grigor Dimitrov,Holger Rune,8524.0,3,9,196,1,1,4,4,0,15,1,1,1,100,96,0,0,0,0,1,0,0,0,0,0,0,0,0,0,0,0,0,0,0,0,0,5.32,4.877,1,131.0,BW,CTL,D
2023-wimbledon-1402,Grigor Dimitrov,Holger Rune,8547.0,3,9,197,1,1,4,4,15,15,1,1,1,101,96,0,0,0,0,0,0,0,0,0,0,0,1,0,1,0,0,0,0,0,0,0,12.799,14.005,3,135.0,C,CTL,ND
2023-wimbledon-1402,Grigor Dimitrov,Holger Rune,8572.0,3,9,198,1,1,4,4,30,15,1,1,1,102,96,0,0,0,0,1,0,F,0,0,0,0,0,0,0,0,0,0,0,0,0,0,29.409,38.291,9,122.0,C,NCTL,D
2023-wimbledon-1402,Grigor Dimitrov,Holger Rune,8610.0,3,9,199,1,1,4,4,40,15,1,1,1,103,96,1,0,0,0,1,0,0,0,0,0,0,0,0,0,0,0,0,0,0,0,0,0.632,0.748,1,134.0,C,NCTL,
2023-wimbledon-1402,Grigor Dimitrov,Holger Rune,8705.0,3,10,200,1,1,5,4,0,0,2,1,2,103,97,0,0,0,0,0,1,B,0,0,0,0,0,0,0,0,0,0,0,0,0,0,11.992,8.074,3,113.0,W,CTL,ND
2023-wimbledon-1402,Grigor Dimitrov,Holger Rune,8728.0,3,10,201,1,1,5,4,0,15,2,2,2,103,98,0,0,0,0,0,1,B,0,0,0,0,0,1,0,1,0,0,0,0,0,0,20.308,20.563,5,104.0,BW,NCTL,D
2023-wimbledon-1402,Grigor Dimitrov,Holger Rune,8767.0,3,10,202,1,1,5,4,0,30,2,2,1,104,98,0,0,0,0,0,0,0,0,0,0,0,0,0,0,0,0,0,0,0,0,0,7.964,5.984,2,114.0,BC,NCTL,D
2023-wimbledon-1402,Grigor Dimitrov,Holger Rune,8806.0,3,10,203,1,1,5,4,15,30,2,1,2,104,99,0,0,0,0,0,0,0,0,0,0,0,0,1,0,1,0,0,0,0,0,0,8.649,8.088,3,123.0,BW,NCTL,ND
2023-wimbledon-1402,Grigor Dimitrov,Holger Rune,8831.0,3,10,204,1,1,5,4,15,40,2,2,1,105,99,0,0,0,0,0,0,0,0,0,0,1,0,0,0,0,0,0,0,0,0,0,8.352,6.959,2,111.0,C,NCTL,ND
2023-wimbledon-1402,Grigor Dimitrov,Holger Rune,8873.0,3,10,205,1,1,5,4,30,40,2,1,1,106,99,0,0,0,0,1,0,F,0,0,0,0,0,0,0,0,0,0,0,0,0,0,27.498,20.041,8,118.0,C,NCTL,ND
2023-wimbledon-1402,Grigor Dimitrov,Holger Rune,8918.0,3,10,206,1,1,5,4,40,40,2,1,2,106,100,0,0,0,0,0,1,F,0,0,0,0,0,0,0,0,0,0,0,0,0,0,16.888,16.196,5,126.0,C,NCTL,D
2023-wimbledon-1402,Grigor Dimitrov,Holger Rune,8972.0,3,10,207,1,1,5,4,40,AD,2,2,2,106,101,2,0,0,0,0,0,0,0,0,0,0,0,0,0,0,0,0,0,0,0,0,14.651,14.485,3,107.0,BW,NCTL,ND
2023-wimbledon-1402,Grigor Dimitrov,Holger Rune,9031.0,3,11,208,1,1,5,5,0,0,1,1,2,106,102,0,0,0,0,0,1,F,0,0,0,0,0,0,0,0,0,0,0,0,0,0,13.937,14.785,6,128.0,C,NCTL,D
2023-wimbledon-1402,Grigor Dimitrov,Holger Rune,9074.0,3,11,209,1,1,5,5,0,15,1,2,1,107,102,0,0,0,0,0,0,0,0,0,0,0,0,0,0,0,0,0,0,0,0,0,8.433,7.47,1,90.0,W,CTL,D
2023-wimbledon-1402,Grigor Dimitrov,Holger Rune,9113.0,3,11,210,1,1,5,5,15,15,1,2,1,108,102,0,0,0,0,0,0,0,0,0,0,0,1,0,1,0,0,0,0,0,0,0,28.708,24.392,5,90.0,B,CTL,D
2023-wimbledon-1402,Grigor Dimitrov,Holger Rune,9158.0,3,11,211,1,1,5,5,30,15,1,1,1,109,102,0,0,0,0,0,0,0,0,0,0,0,0,0,0,0,0,0,0,0,0,0,3.196,2.755,1,130.0,B,NCTL,ND
2023-wimbledon-1402,Grigor Dimitrov,Holger Rune,9179.0,3,11,212,1,1,5,5,40,15,1,2,2,109,103,0,0,0,0,0,0,0,1,0,1,0,0,0,0,0,0,0,0,0,0,0,0.923,1.204,0,,BC,CTL,
2023-wimbledon-1402,Grigor Dimitrov,Holger Rune,9218.0,3,11,213,1,1,5,5,40,30,1,1,1,110,103,1,0,0,0,0,0,0,0,0,0,0,0,0,0,0,0,0,0,0,0,0,22.579,30.415,1,123.0,C,CTL,D
2023-wimbledon-1402,Grigor Dimitrov,Holger Rune,9333.0,3,12,214,1,1,6,5,0,0,2,2,2,110,104,0,0,0,0,0,1,B,0,0,0,0,0,0,0,0,0,0,0,0,0,0,8.626,6.626,3,112.0,BC,NCTL,ND
2023-wimbledon-1402,Grigor Dimitrov,Holger Rune,9368.0,3,12,215,1,1,6,5,0,15,2,2,2,110,105,0,0,0,0,0,0,0,0,0,0,0,0,0,0,0,0,0,0,0,0,0,20.035,16.926,5,94.0,BW,NCTL,ND
2023-wimbledon-1402,Grigor Dimitrov,Holger Rune,9403.0,3,12,216,1,1,6,5,0,30,2,1,2,110,106,0,0,0,0,0,0,0,0,0,0,0,0,0,0,0,0,0,0,0,0,0,6.689,4.691,1,123.0,BW,CTL,ND
2023-wimbledon-1402,Grigor Dimitrov,Holger Rune,9420.0,3,12,217,1,1,6,5,0,40,2,1,2,110,107,2,0,0,1,0,1,0,0,0,0,0,0,0,0,0,0,0,0,0,0,0,0.638,0.604,1,128.0,C,NCTL,
2023-wimbledon-1402,Grigor Dimitrov,Holger Rune,9456.0,3,13,218,1,1,6,6,0,0,1,2,2,110,108,0,0,0,0,0,0,0,0,0,1,0,0,0,0,0,0,0,0,0,0,0,76.747,73.282,22,100.0,B,NCTL,ND
2023-wimbledon-1402,Grigor Dimitrov,Holger Rune,9535.0,3,13,219,1,1,6,6,0,1,2,1,2,110,109,0,0,0,0,0,0,0,0,0,1,0,0,0,0,0,0,0,0,0,0,0,42.157,44.795,11,125.0,C,NCTL,ND
2023-wimbledon-1402,Grigor Dimitrov,Holger Rune,9585.0,3,13,220,1,1,6,6,0,2,2,1,2,110,110,0,0,0,0,0,0,0,0,0,0,0,0,0,0,0,0,0,0,0,0,0,6.58,7.587,1,132.0,BC,CTL,ND
2023-wimbledon-1402,Grigor Dimitrov,Holger Rune,9615.0,3,13,221,1,1,6,6,0,3,1,2,1,111,110,0,0,0,0,1,0,F,0,0,0,0,1,0,1,0,0,0,0,0,0,0,22.983,27.161,7,99.0,BC,NCTL,ND
2023-wimbledon-1402,Grigor Dimitrov,Holger Rune,9679.0,3,13,222,1,1,6,6,1,3,1,1,2,111,111,0,0,0,0,0,0,0,0,0,1,0,0,0,0,0,0,0,0,0,0,0,20.105,27.415,6,118.0,W,CTL,D
2023-wimbledon-1402,Grigor Dimitrov,Holger Rune,9726.0,3,13,223,1,1,6,6,1,4,2,2,2,111,112,0,0,0,0,0,0,0,0,0,1,0,0,0,0,0,0,0,0,0,0,0,20.985,21.808,5,110.0,C,CTL,ND
2023-wimbledon-1402,Grigor Dimitrov,Holger Rune,9799.0,3,13,224,1,1,6,6,1,5,2,1,1,112,112,0,0,0,0,1,0,F,0,0,0,0,1,0,1,0,0,0,0,0,0,0,35.064,25.77,8,120.0,W,CTL,ND
2023-wimbledon-1402,Grigor Dimitrov,Holger Rune,9844.0,3,13,225,1,1,6,6,2,5,1,1,1,113,112,0,0,1,0,1,0,0,0,0,0,0,0,0,0,0,0,0,0,0,0,0,0.654,0.991,1,129.0,W,CTL,
2023-wimbledon-1402,Grigor Dimitrov,Holger Rune,9880.0,3,13,226,1,1,6,6,3,5,1,2,2,113,113,0,0,0,0,0,1,B,0,0,0,0,0,0,0,0,0,0,0,0,0,0,21.352,18.143,2,95.0,C,NCTL,D
2023-wimbledon-1402,Grigor Dimitrov,Holger Rune,9941.0,3,13,227,1,1,6,6,3,6,2,2,1,114,113,0,0,0,0,0,0,0,0,0,0,0,1,0,1,0,0,0,0,0,0,0,17.195,17.567,4,97.0,BW,NCTL,D
2023-wimbledon-1402,Grigor Dimitrov,Holger Rune,9991.0,3,13,228,1,1,6,6,4,6,2,1,2,114,114,2,2,0,0,0,0,0,0,0,0,0,0,0,0,0,0,0,0,0,0,0,13.219,10.665,1,113.0,BW,NCTL,D
2023-wimbledon-1402,Grigor Dimitrov,Holger Rune,10198.0,4,1,229,1,2,0,0,0,0,2,1,2,114,115,0,0,0,0,0,0,0,0,0,0,0,0,0,0,0,0,0,0,0,0,0,3.539,2.077,1,118.0,W,CTL,ND
2023-wimbledon-1402,Grigor Dimitrov,Holger Rune,10213.0,4,1,230,1,2,0,0,0,15,2,2,2,114,116,0,0,0,0,0,0,0,0,0,0,0,0,0,0,0,0,0,0,0,0,0,25.712,24.958,7,89.0,B,NCTL,ND
2023-wimbledon-1402,Grigor Dimitrov,Holger Rune,10252.0,4,1,231,1,2,0,0,0,30,2,1,1,115,116,0,0,0,0,0,0,0,0,0,0,0,0,0,0,0,0,0,0,0,0,0,6.812,5.642,2,119.0,BW,NCTL,D
2023-wimbledon-1402,Grigor Dimitrov,Holger Rune,10276.0,4,1,232,1,2,0,0,15,30,2,2,1,116,116,0,0,0,0,0,0,0,0,1,0,1,0,0,0,0,0,0,0,0,0,0,1.294,1.108,0,,BW,CTL,
2023-wimbledon-1402,Grigor Dimitrov,Holger Rune,10314.0,4,1,233,1,2,0,0,30,30,2,2,2,116,117,0,0,0,0,0,1,F,0,0,0,0,0,0,0,0,0,0,0,0,0,0,9.325,8.43,3,113.0,BW,NCTL,ND
2023-wimbledon-1402,Grigor Dimitrov,Holger Rune,10345.0,4,1,234,1,2,0,0,30,40,2,1,2,116,118,2,0,0,0,0,0,0,0,0,1,0,0,0,0,0,0,0,0,0,0,0,28.083,31.022,9,118.0,BW,NCTL,ND
2023-wimbledon-1402,Grigor Dimitrov,Holger Rune,10415.0,4,2,235,1,2,0,1,0,0,1,2,2,116,119,0,0,0,0,0,0,0,0,0,0,0,0,0,0,0,0,0,0,0,0,0,5.089,7.096,2,105.0,BC,NCTL,D
2023-wimbledon-1402,Grigor Dimitrov,Holger Rune,10448.0,4,2,236,1,2,0,1,0,15,1,1,1,117,119,0,0,0,0,1,0,F,0,0,0,0,1,0,1,0,0,0,0,0,0,0,15.528,15.567,5,125.0,C,CTL,ND
2023-wimbledon-1402,Grigor Dimitrov,Holger Rune,10479.0,4,2,237,1,2,0,1,15,15,1,1,1,118,119,0,0,0,0,1,0,F,0,0,0,0,1,0,1,0,0,0,0,0,0,0,6.489,7.686,3,135.0,C,NCTL,
2023-wimbledon-1402,Grigor Dimitrov,Holger Rune,10506.0,4,2,238,1,2,0,1,30,15,1,1,1,119,119,0,0,1,0,1,0,0,0,0,0,0,0,0,0,0,0,0,0,0,0,0,0.514,0.742,1,128.0,W,CTL,
2023-wimbledon-1402,Grigor Dimitrov,Holger Rune,10527.0,4,2,239,1,2,0,1,40,15,1,2,1,120,119,1,0,0,0,1,0,F,0,0,0,0,0,0,0,0,0,0,0,0,0,0,8.101,8.544,3,95.0,C,NCTL,D
2023-wimbledon-1402,Grigor Dimitrov,Holger Rune,10576.0,4,3,240,1,2,1,1,0,0,2,2,2,120,120,0,0,0,0,0,1,F,0,0,0,0,1,0,0,0,0,0,0,0,0,0,18.374,14.414,5,116.0,W,CTL,D
2023-wimbledon-1402,Grigor Dimitrov,Holger Rune,10612.0,4,3,241,1,2,1,1,0,15,2,2,2,120,121,0,0,0,0,0,1,F,0,0,0,0,0,0,0,0,0,0,0,0,0,0,13.913,6.556,3,110.0,BW,NCTL,ND
2023-wimbledon-1402,Grigor Dimitrov,Holger Rune,10644.0,4,3,242,1,2,1,1,0,30,2,1,2,120,122,0,0,0,0,0,0,0,0,0,0,0,0,0,0,0,0,0,0,0,0,0,3.236,2.221,1,124.0,BC,CTL,ND
2023-wimbledon-1402,Grigor Dimitrov,Holger Rune,10656.0,4,3,243,1,2,1,1,0,40,2,2,2,120,123,2,0,0,0,0,0,0,0,0,1,0,0,0,0,0,0,0,0,0,0,0,3.172,3.168,1,109.0,BC,NCTL,D
2023-wimbledon-1402,Grigor Dimitrov,Holger Rune,10764.0,4,4,244,1,2,1,2,0,0,1,2,1,121,123,0,0,0,0,0,0,0,0,0,0,0,0,0,0,0,0,0,0,0,0,0,3.065,2.806,1,103.0,B,NCTL,ND
2023-wimbledon-1402,Grigor Dimitrov,Holger Rune,10794.0,4,4,245,1,2,1,2,15,0,1,2,1,122,123,0,0,0,0,0,0,0,0,0,0,1,0,0,0,0,0,0,0,0,0,0,20.939,17.838,5,100.0,BC,NCTL,D
2023-wimbledon-1402,Grigor Dimitrov,Holger Rune,10832.0,4,4,246,1,2,1,2,30,0,1,1,1,123,123,0,0,1,0,1,0,0,0,0,0,0,0,0,0,0,0,0,0,0,0,0,0.569,0.938,1,136.0,C,NCTL,
2023-wimbledon-1402,Grigor Dimitrov,Holger Rune,10851.0,4,4,247,1,2,1,2,40,0,1,2,2,123,124,0,0,0,0,0,0,0,0,0,1,0,0,0,0,0,0,0,0,0,0,0,18.707,19.268,4,99.0,B,CTL,D
2023-wimbledon-1402,Grigor Dimitrov,Holger Rune,10898.0,4,4,248,1,2,1,2,40,15,1,1,1,124,124,1,0,1,0,1,0,0,0,0,0,0,0,0,0,0,0,0,0,0,0,0,2.053,3.048,1,133.0,C,NCTL,
2023-wimbledon-1402,Grigor Dimitrov,Holger Rune,10931.0,4,5,249,1,2,2,2,0,0,2,1,2,124,125,0,0,0,0,0,0,0,0,0,0,0,0,0,0,0,0,0,0,0,0,0,4.291,3.908,1,121.0,BW,NCTL,D
2023-wimbledon-1402,Grigor Dimitrov,Holger Rune,10955.0,4,5,250,1,2,2,2,0,15,2,1,2,124,126,0,0,0,0,0,0,0,0,0,0,0,0,0,0,0,0,0,0,0,0,0,6.502,6.018,1,105.0,W,CTL,D
2023-wimbledon-1402,Grigor Dimitrov,Holger Rune,10974.0,4,5,251,1,2,2,2,0,30,2,1,2,124,127,0,0,0,0,0,0,0,0,0,0,0,0,0,0,0,0,0,0,0,0,0,16.497,13.84,3,123.0,BC,NCTL,D
2023-wimbledon-1402,Grigor Dimitrov,Holger Rune,10992.0,4,5,252,1,2,2,2,0,40,2,1,2,124,128,2,0,0,1,0,1,0,0,0,0,0,0,0,0,0,0,0,0,0,0,0,0.705,0.67,1,118.0,C,NCTL,
2023-wimbledon-1402,Grigor Dimitrov,Holger Rune,11132.0,4,6,253,1,2,2,3,0,0,1,1,2,124,129,0,0,0,0,0,0,0,0,0,0,0,0,0,0,0,0,0,0,0,0,0,5.42,6.374,2,130.0,BC,NCTL,D
2023-wimbledon-1402,Grigor Dimitrov,Holger Rune,11153.0,4,6,254,1,2,2,3,0,15,1,2,1,125,129,0,0,0,0,1,0,F,0,0,0,0,0,0,0,0,0,0,0,0,0,0,7.263,9.605,3,97.0,B,NCTL,ND
2023-wimbledon-1402,Grigor Dimitrov,Holger Rune,11190.0,4,6,255,1,2,2,3,15,15,1,2,2,125,130,0,0,0,0,0,0,0,0,0,1,0,0,0,0,0,0,0,0,0,0,0,21.066,24.82,6,94.0,BC,NCTL,ND
2023-wimbledon-1402,Grigor Dimitrov,Holger Rune,11237.0,4,6,256,1,2,2,3,15,30,1,1,1,126,130,0,0,0,0,0,0,0,0,0,0,0,0,0,0,0,0,0,0,0,0,0,5.744,4.838,1,127.0,BW,NCTL,ND
2023-wimbledon-1402,Grigor Dimitrov,Holger Rune,11262.0,4,6,257,1,2,2,3,30,30,1,2,2,126,131,0,0,0,0,0,0,0,1,0,1,0,0,0,0,0,0,0,0,0,0,0,0.8,0.984,0,,C,CTL,
2023-wimbledon-1402,Grigor Dimitrov,Holger Rune,11299.0,4,6,258,1,2,2,3,30,40,1,2,2,126,132,2,0,0,0,0,0,0,1,0,1,0,0,0,0,0,0,1,0,1,0,0,1.007,1.454,0,,B,CTL,
2023-wimbledon-1402,Grigor Dimitrov,Holger Rune,11346.0,4,7,259,1,2,2,4,0,0,2,1,1,127,132,0,0,0,0,1,0,B,0,0,0,0,0,1,0,0,0,0,0,0,0,0,48.017,42.185,12,116.0,BW,NCTL,D
2023-wimbledon-1402,Grigor Dimitrov,Holger Rune,11395.0,4,7,260,1,2,2,4,15,0,2,2,2,127,133,0,0,0,0,0,0,0,0,0,1,0,1,0,0,0,0,0,0,0,0,0,21.792,25.701,5,92.0,B,NCTL,ND
2023-wimbledon-1402,Grigor Dimitrov,Holger Rune,11470.0,4,7,261,1,2,2,4,15,15,2,1,2,127,134,0,0,0,0,0,1,F,0,0,0,0,0,1,0,1,0,0,0,0,0,0,9.781,8.082,3,126.0,C,NCTL,ND
2023-wimbledon-1402,Grigor Dimitrov,Holger Rune,11495.0,4,7,262,1,2,2,4,15,30,2,1,2,127,135,0,0,0,0,0,0,0,0,0,0,0,0,0,0,0,0,0,0,0,0,0,5.905,5.709,1,121.0,W,CTL,ND
2023-wimbledon-1402,Grigor Dimitrov,Holger Rune,11515.0,4,7,263,1,2,2,4,15,40,2,2,1,128,135,0,0,0,0,0,0,0,0,0,0,0,0,0,0,0,0,0,0,0,0,0,9.619,8.225,2,93.0,BC,NCTL,D
2023-wimbledon-1402,Grigor Dimitrov,Holger Rune,11573.0,4,7,264,1,2,2,4,30,40,2,1,2,128,136,2,0,0,1,0,1,0,0,0,0,0,0,0,0,0,0,0,0,0,0,0,1.117,1.017,1,116.0,W,CTL,
2023-wimbledon-1402,Grigor Dimitrov,Holger Rune,11682.0,4,8,265,1,2,2,5,0,0,1,1,1,129,136,0,0,0,0,0,0,0,0,0,0,0,1,0,1,0,0,0,0,0,0,0,12.04,17.834,3,114.0,W,NCTL,ND
2023-wimbledon-1402,Grigor Dimitrov,Holger Rune,11706.0,4,8,266,1,2,2,5,15,0,1,1,1,130,136,0,0,0,0,0,0,0,0,0,0,0,1,0,1,0,0,0,0,0,0,0,17.669,24.754,5,112.0,B,NCTL,ND
2023-wimbledon-1402,Grigor Dimitrov,Holger Rune,11737.0,4,8,267,1,2,2,5,30,0,1,1,1,131,136,0,0,0,0,0,0,0,0,0,0,0,0,0,0,0,0,0,0,0,0,0,2.17,3.299,1,110.0,BW,NCTL,ND
2023-wimbledon-1402,Grigor Dimitrov,Holger Rune,11756.0,4,8,268,1,2,2,5,40,0,1,2,1,132,136,1,0,1,0,1,0,0,0,0,0,0,0,0,0,0,0,0,0,0,0,0,0.951,0.935,1,109.0,C,NCTL,
2023-wimbledon-1402,Grigor Dimitrov,Holger Rune,11816.0,4,9,269,1,2,3,5,0,0,2,1,2,132,137,0,0,0,0,0,0,0,0,0,0,0,0,0,0,0,0,0,0,0,0,0,14.919,12.963,1,122.0,BW,NCTL,D
2023-wimbledon-1402,Grigor Dimitrov,Holger Rune,11842.0,4,9,270,1,2,3,5,0,15,2,2,1,133,137,0,0,0,0,1,0,F,0,0,0,0,0,0,0,0,0,0,0,0,0,0,14.296,14.667,4,101.0,W,NCTL,ND
2023-wimbledon-1402,Grigor Dimitrov,Holger Rune,11885.0,4,9,271,1,2,3,5,15,15,2,1,1,134,137,0,0,0,0,0,0,0,0,0,0,1,1,0,1,0,0,0,0,0,0,0,67.775,85.33,20,126.0,BC,NCTL,ND
2023-wimbledon-1402,Grigor Dimitrov,Holger Rune,11959.0,4,9,272,1,2,3,5,30,15,2,2,2,134,138,0,0,0,0,0,0,0,0,0,1,0,0,0,0,0,0,0,0,0,0,0,36.369,34.102,11,100.0,B,NCTL,D
2023-wimbledon-1402,Grigor Dimitrov,Holger Rune,12022.0,4,9,273,1,2,3,5,30,30,2,2,2,134,139,0,0,0,0,0,0,0,0,0,1,0,0,0,0,0,0,0,0,0,0,0,10.637,9.101,3,101.0,B,CTL,ND
2023-wimbledon-1402,Grigor Dimitrov,Holger Rune,12074.0,4,9,274,1,2,3,5,30,40,2,2,2,134,140,2,2,0,0,0,0,0,0,0,1,0,0,0,0,0,0,0,0,0,0,0,50.732,53.266,13,98.0,BW,CTL,D
